{
  "A": {
    "val_loss": 0.7857564044626135,
    "mae": 0.5845379829406738,
    "rmse": 0.855809211730957,
    "max_error": 4.924282073974609,
    "r2": 0.975099401194954,
    "time": 57.34034538269043
  },
  "B": {
    "val_loss": 0.36584096205861943,
    "mae": 0.36374717950820923,
    "rmse": 0.5490322113037109,
    "max_error": 3.3361434936523438,
    "r2": 0.9897517072879207,
    "time": 337.1577076911926
  },
  "C": {
    "val_loss": 0.498000631206914,
    "mae": 0.4183707535266876,
    "rmse": 0.6533648371696472,
    "max_error": 3.4924259185791016,
    "r2": 0.9854866577551746,
    "time": 234.4923906326294
  }
}