{
  "variant": "C-fixedStep",
  "seed": 4,
  "final_val_loss": 0.003799497470026836,
  "final_train_loss": 0.002280461803329961,
  "best_val_loss": 0.003799497470026836,
  "train_time": 866.17,
  "n_epochs": 80,
  "dataset": "harmonic_oscillator"
}