{
  "variant": "C-fixedStep",
  "seed": 3,
  "final_val_loss": 0.003413570739212446,
  "final_train_loss": 0.0023549748067226675,
  "best_val_loss": 0.003413570739212446,
  "train_time": 864.83,
  "n_epochs": 80,
  "dataset": "harmonic_oscillator"
}