{
  "variant": "C-fixedStep",
  "seed": 1,
  "final_val_loss": 0.003582516590540763,
  "final_train_loss": 0.002432495396259049,
  "best_val_loss": 0.003582516590540763,
  "train_time": 184.05,
  "n_epochs": 80,
  "dataset": "harmonic_oscillator"
}