{
  "variant": "C-full",
  "seed": 1,
  "final_val_loss": 0.0028397188070812263,
  "final_train_loss": 0.002329234283284417,
  "best_val_loss": 0.0028397188070812263,
  "train_time": 182.41,
  "n_epochs": 80,
  "dataset": "harmonic_oscillator"
}