{
  "variant": "C-full",
  "seed": 3,
  "final_val_loss": 0.008164982049493119,
  "final_train_loss": 0.0033343780419922303,
  "best_val_loss": 0.008164982049493119,
  "train_time": 866.48,
  "n_epochs": 80,
  "dataset": "harmonic_oscillator"
}