{
  "variant": "C-full",
  "seed": 0,
  "final_val_loss": 0.008474197005853057,
  "final_train_loss": 0.0026353479525636114,
  "best_val_loss": 0.008474197005853057,
  "train_time": 206.12,
  "n_epochs": 80,
  "dataset": "harmonic_oscillator"
}