{
  "variant": "C-full",
  "seed": 2,
  "final_val_loss": 0.0102758641296532,
  "final_train_loss": 0.0031743397721872915,
  "best_val_loss": 0.0102758641296532,
  "train_time": 181.02,
  "n_epochs": 80,
  "dataset": "harmonic_oscillator"
}