{
  "variant": "C-noLBFGS",
  "seed": 4,
  "final_val_loss": 0.20615302305668592,
  "final_train_loss": 0.1974038320283095,
  "best_val_loss": 0.20615302305668592,
  "train_time": 857.62,
  "n_epochs": 80,
  "dataset": "harmonic_oscillator"
}