{
  "variant": "C-noHMC",
  "seed": 4,
  "final_val_loss": 0.00350880874611903,
  "final_train_loss": 0.002406034182520613,
  "best_val_loss": 0.00350880874611903,
  "train_time": 828.83,
  "n_epochs": 80,
  "dataset": "harmonic_oscillator"
}