{
  "variant": "C-noLBFGS",
  "seed": 2,
  "final_val_loss": 0.2863379195332527,
  "final_train_loss": 0.2730088068970612,
  "best_val_loss": 0.2863379195332527,
  "train_time": 186.89,
  "n_epochs": 80,
  "dataset": "harmonic_oscillator"
}