{
  "variant": "C-noHMC",
  "seed": 1,
  "final_val_loss": 0.0031798028430785052,
  "final_train_loss": 0.00247961021257594,
  "best_val_loss": 0.0031798028430785052,
  "train_time": 170.83,
  "n_epochs": 80,
  "dataset": "harmonic_oscillator"
}