{
  "variant": "C-noAdam",
  "seed": 1,
  "final_val_loss": 0.007286663952982053,
  "final_train_loss": 0.0029232417795038413,
  "best_val_loss": 0.007286663952982053,
  "train_time": 164.4,
  "n_epochs": 80,
  "dataset": "harmonic_oscillator"
}