{
  "variant": "C-noPlateauDet",
  "seed": 2,
  "final_val_loss": 0.00338399665633915,
  "final_train_loss": 0.0023353759971787296,
  "best_val_loss": 0.00338399665633915,
  "train_time": 263.44,
  "n_epochs": 80,
  "dataset": "harmonic_oscillator"
}