{
  "variant": "C-noPlateauDet",
  "seed": 3,
  "final_val_loss": 0.0031876478387857787,
  "final_train_loss": 0.0022916856040764186,
  "best_val_loss": 0.0031876478387857787,
  "train_time": 930.05,
  "n_epochs": 80,
  "dataset": "harmonic_oscillator"
}