{
  "variant": "C-noAdam",
  "seed": 2,
  "final_val_loss": 0.0033719744969857857,
  "final_train_loss": 0.002366055353795962,
  "best_val_loss": 0.0033719744969857857,
  "train_time": 165.78,
  "n_epochs": 80,
  "dataset": "harmonic_oscillator"
}