{
  "variant": "C-noHMC",
  "seed": 2,
  "final_val_loss": 0.0032381641649408266,
  "final_train_loss": 0.002213265761614792,
  "best_val_loss": 0.0032381641649408266,
  "train_time": 167.89,
  "n_epochs": 80,
  "dataset": "harmonic_oscillator"
}