{
  "variant": "C-noAdam",
  "seed": 0,
  "final_val_loss": 0.006590546283405274,
  "final_train_loss": 0.0028287667932639284,
  "best_val_loss": 0.006590546283405274,
  "train_time": 162.44,
  "n_epochs": 80,
  "dataset": "harmonic_oscillator"
}