{
  "variant": "C-noPlateauDet",
  "seed": 1,
  "final_val_loss": 0.0034061892656609416,
  "final_train_loss": 0.002215131422475217,
  "best_val_loss": 0.0034061892656609416,
  "train_time": 258.02,
  "n_epochs": 80,
  "dataset": "harmonic_oscillator"
}