{
  "variant": "C-noHMC",
  "seed": 0,
  "final_val_loss": 0.003129797834844794,
  "final_train_loss": 0.002379150098441021,
  "best_val_loss": 0.003129797834844794,
  "train_time": 171.09,
  "n_epochs": 80,
  "dataset": "harmonic_oscillator"
}