{
  "variant": "C-noAdam",
  "seed": 4,
  "final_val_loss": 0.0032413447479484603,
  "final_train_loss": 0.0023697710740158244,
  "best_val_loss": 0.0032413447479484603,
  "train_time": 812.44,
  "n_epochs": 80,
  "dataset": "harmonic_oscillator"
}