{
  "variant": "C-noAdam",
  "seed": 3,
  "final_val_loss": 0.0032505644849152304,
  "final_train_loss": 0.002361527004737466,
  "best_val_loss": 0.0032505644849152304,
  "train_time": 818.69,
  "n_epochs": 80,
  "dataset": "harmonic_oscillator"
}