{
  "variant": "C-noLBFGS",
  "seed": 1,
  "final_val_loss": 0.2857628855854273,
  "final_train_loss": 0.3252884407365133,
  "best_val_loss": 0.2857628855854273,
  "train_time": 193.36,
  "n_epochs": 80,
  "dataset": "harmonic_oscillator"
}