{
  "variant": "C-noLBFGS",
  "seed": 0,
  "final_val_loss": 0.16349379159510136,
  "final_train_loss": 0.1569261866074706,
  "best_val_loss": 0.16349379159510136,
  "train_time": 196.52,
  "n_epochs": 80,
  "dataset": "harmonic_oscillator"
}