{
  "system": "harmonic",
  "method": "A",
  "seed": 0,
  "final_val_loss": 1.6636775548641498,
  "best_val_loss": 1.6636775548641498,
  "wall_time_s": 5.68,
  "n_epochs": 1
}