{
  "variant": "C-fixedStep",
  "seed": 0,
  "final_val_loss": 0.0035457460180623457,
  "final_train_loss": 0.0023220573285860674,
  "best_val_loss": 0.0035457460180623457,
  "train_time": 183.04,
  "n_epochs": 80,
  "dataset": "harmonic_oscillator"
}