{
  "variant": "C-fixedStep",
  "seed": 2,
  "final_val_loss": 0.0033981129672611132,
  "final_train_loss": 0.002368585073522159,
  "best_val_loss": 0.0033981129672611132,
  "train_time": 179.24,
  "n_epochs": 80,
  "dataset": "harmonic_oscillator"
}