{
  "variant": "C-full",
  "seed": 4,
  "final_val_loss": 0.0031255485519068316,
  "final_train_loss": 0.002363579453057831,
  "best_val_loss": 0.0031255485519068316,
  "train_time": 865.97,
  "n_epochs": 80,
  "dataset": "harmonic_oscillator"
}