{
  "variant": "C-noPlateauDet",
  "seed": 0,
  "final_val_loss": 0.003045226796530187,
  "final_train_loss": 0.0022714247683151847,
  "best_val_loss": 0.003045226796530187,
  "train_time": 250.48,
  "n_epochs": 80,
  "dataset": "harmonic_oscillator"
}