{
  "variant": "C-noHMC",
  "seed": 3,
  "final_val_loss": 0.003260547775425948,
  "final_train_loss": 0.0023844304368905132,
  "best_val_loss": 0.003260547775425948,
  "train_time": 829.66,
  "n_epochs": 80,
  "dataset": "harmonic_oscillator"
}