{
  "variant": "C-noPlateauDet",
  "seed": 4,
  "final_val_loss": 0.003108358010649681,
  "final_train_loss": 0.002273176611948108,
  "best_val_loss": 0.003108358010649681,
  "train_time": 927.6,
  "n_epochs": 80,
  "dataset": "harmonic_oscillator"
}