{
  "variant": "C-noLBFGS",
  "seed": 3,
  "final_val_loss": 0.26031831558793783,
  "final_train_loss": 0.2540074111450286,
  "best_val_loss": 0.26031831558793783,
  "train_time": 857.59,
  "n_epochs": 80,
  "dataset": "harmonic_oscillator"
}