{
  "epsilon": {
    "0.001": {
      "value": 0.001,
      "mean": 0.007570711895823479,
      "std": 0.0,
      "values": [
        0.007570711895823479
      ]
    },
    "0.003": {
      "value": 0.003,
      "mean": 0.0073002849239856005,
      "std": 0.0,
      "values": [
        0.0073002849239856005
      ]
    },
    "0.005": {
      "value": 0.005,
      "mean": 0.008198093972168863,
      "std": 0.0,
      "values": [
        0.008198093972168863
      ]
    },
    "0.01": {
      "value": 0.01,
      "mean": 0.00880903354845941,
      "std": 0.0,
      "values": [
        0.00880903354845941
      ]
    },
    "0.02": {
      "value": 0.02,
      "mean": 0.006756603717803955,
      "std": 0.0,
      "values": [
        0.006756603717803955
      ]
    }
  }
}