{
  "Method A (Pure HHD)": {
    "best_val_acc": 0.309,
    "final_val_acc": 0.28700000000000003,
    "time": 41.98245964050293,
    "final_hps": {
      "lr": 0.0009553708683290311,
      "dropout": 0.20167525112628937
    },
    "acc_history": [
      0.3,
      0.305,
      0.285,
      0.325
    ]
  },
  "Method B (Hybrid BO)": {
    "best_val_acc": 0.28500000000000003,
    "final_val_acc": 0.28500000000000003,
    "time": 31.865925121307374,
    "final_hps": {
      "lr": 0.0025740342268879474,
      "dropout": 0.2727280276402201
    },
    "acc_history": [
      0.28,
      0.315,
      0.315
    ]
  },
  "Method C (Unified HHD-ABBO)": {
    "best_val_acc": 0.306,
    "final_val_acc": 0.297,
    "time": 43.211746549606325,
    "final_hps": {
      "lr": 0.0010938028860682351,
      "dropout": 0.19856847822666168
    },
    "acc_history": [
      0.26,
      0.29,
      0.3,
      0.35
    ]
  }
}