{
  "lr": 0.013458259810842614,
  "dropout": 0.008119064751050552,
  "n_layers": 7,
  "n_neurons": 64,
  "batch_size": 64
}