{
  "system": "henon_heiles",
  "method": "C",
  "seed": 0,
  "final_val_loss": 0.45775337288012874,
  "best_val_loss": 0.45775337288012874,
  "wall_time_s": 5.12,
  "n_epochs": 1
}