{
  "system": "henon_heiles",
  "method": "B",
  "seed": 0,
  "final_val_loss": 2.5916543190295878,
  "best_val_loss": 2.5916543190295878,
  "wall_time_s": 31.85,
  "n_epochs": 1
}