{
  "system": "henon_heiles",
  "method": "C",
  "seed": 0,
  "final_val_loss": 2.1114098131656647,
  "best_val_loss": 2.1114098131656647,
  "wall_time_s": 18.37,
  "n_epochs": 20
}