{
  "system": "henon_heiles",
  "method": "A",
  "seed": 0,
  "final_val_loss": 5.439722739733183,
  "best_val_loss": 5.439722739733183,
  "wall_time_s": 3.59,
  "n_epochs": 1
}