{
  "train_loss": [
    1.2459233403205872,
    1.4891494058427357,
    0.9421643822912186,
    0.9333947797616323,
    1.0637386100632804,
    1.2489781001257518,
    1.0616343721510872,
    0.860515813032786,
    0.8847367110706511,
    1.4016823919992598,
    0.9751161824143122,
    1.095818840795093,
    1.0038972250998965,
    0.8135789093517122,
    1.220887792961938,
    1.4737147319884527,
    1.2540769312116835,
    1.3217765906500438,
    1.521528453107864,
    1.7149246448562259,
    2.106211286688608,
    2.022022909588284,
    2.4886495593994384,
    2.568830997224838,
    3.284826887978448,
    2.8444651251747493,
    3.018539029454428,
    2.3469739017032443,
    1.784616314229511,
    2.651733396545289,
    2.4931017387480963,
    3.101298112717886,
    2.762519679372273,
    1.818066368027339,
    2.2769529573501104,
    2.4716308722420344,
    2.92793283386836,
    2.55977095308758,
    3.4033208479956976,
    3.714765845783173,
    5.184477344391838,
    6.221649650543455,
    4.909260034561157,
    6.028636088446965,
    10.692105951763335,
    9.460328753032382,
    7.386378030928355,
    7.699920033651685,
    5.288532696073017,
    5.018932365235829,
    4.776329123784626,
    4.627553875484164,
    25.537267034015958,
    20.541037695748464,
    16.079695323156933,
    13.721173233456081,
    12.019718503195142,
    10.938947677612305,
    10.156836381034246,
    9.595194498697916,
    0.5460495083104997,
    3.3681857207464794,
    3.8758358387720016,
    4.766598928542364,
    4.215084250011142,
    4.473519313903082,
    4.6471959674169145,
    4.7941551927536254,
    0.19076358124850287,
    2.399126997069707,
    2.8269009627993147,
    3.209671457608541,
    3.555580256477235,
    3.794810022626604,
    3.9762031502193875,
    4.13070087205796,
    0.13771023648598837,
    1.8409717480341594,
    2.2313415701427157,
    2.912256539814056,
    0.028025622863972945
  ],
  "val_loss": [
    1.3045600801706314,
    1.5018168464303017,
    0.9631786607205868,
    0.9538491517305374,
    1.132132526487112,
    1.2575147822499275,
    1.0856611393392086,
    0.8700374029576778,
    0.9057850018143654,
    1.430043026804924,
    0.9904628209769726,
    1.1470665223896503,
    1.0141178742051125,
    0.8587423674762249,
    1.246003370732069,
    1.5311650857329369,
    1.296456966549158,
    1.3838048875331879,
    1.5243750363588333,
    1.7341111823916435,
    2.1147989854216576,
    2.0386342108249664,
    2.4991310760378838,
    2.5487196296453476,
    3.387699916958809,
    2.9226039275527,
    3.0826340541243553,
    2.426656663417816,
    1.82608512789011,
    2.780475839972496,
    2.6057034507393837,
    3.2733263820409775,
    2.8839565962553024,
    1.835272140800953,
    2.3228781297802925,
    2.4983306005597115,
    2.9000502973794937,
    2.571811430156231,
    3.345223903656006,
    3.666063129901886,
    5.381045758724213,
    6.701759144663811,
    5.004109159111977,
    6.281433179974556,
    11.248600214719772,
    9.763995468616486,
    7.672811836004257,
    7.54947255551815,
    5.35315003991127,
    5.139788344502449,
    4.849616929888725,
    4.681092411279678,
    27.18396544456482,
    21.775119423866272,
    16.840640425682068,
    14.142435610294342,
    12.325238198041916,
    11.171190917491913,
    10.329648107290268,
    9.764337003231049,
    0.6313684303313494,
    3.5300644487142563,
    4.070045039057732,
    4.935364186763763,
    4.457716807723045,
    4.753105342388153,
    4.9381357580423355,
    5.0897703766822815,
    0.2502594059333205,
    2.443293310701847,
    2.927502505481243,
    3.344019889831543,
    3.7161263674497604,
    3.9734967201948166,
    4.164239093661308,
    4.325161710381508,
    0.1675302106887102,
    1.8493388146162033,
    2.263124495744705,
    2.939970940351486,
    0.04493020288646221
  ],
  "acceptance_rate": [
    1.0,
    1.0,
    1.0,
    1.0,
    1.0,
    1.0,
    1.0,
    1.0,
    1.0,
    1.0,
    1.0,
    1.0,
    1.0,
    1.0,
    1.0,
    1.0,
    1.0,
    1.0,
    1.0,
    1.0,
    1.0,
    1.0,
    1.0,
    1.0,
    1.0,
    1.0,
    1.0,
    1.0,
    1.0,
    1.0,
    1.0,
    1.0,
    1.0,
    1.0,
    1.0,
    1.0,
    1.0,
    1.0,
    1.0,
    1.0,
    1.0,
    1.0,
    0.9767441860465116,
    0.9772727272727273,
    0.9777777777777777,
    0.9565217391304348,
    0.9361702127659575,
    0.9166666666666666,
    0.8979591836734694,
    0.88,
    0.8627450980392157,
    0.8461538461538461,
    0.8490566037735849,
    0.8333333333333334,
    0.8181818181818182,
    0.8035714285714286,
    0.7894736842105263,
    0.7758620689655172,
    0.7627118644067796,
    0.75,
    0.7377049180327869,
    0.7258064516129032,
    0.7142857142857143,
    0.703125,
    0.6923076923076923,
    0.6818181818181818,
    0.6716417910447762,
    0.6617647058823529,
    0.6521739130434783,
    0.6428571428571429,
    0.6338028169014085,
    0.625,
    0.6164383561643836,
    0.6081081081081081,
    0.6,
    0.5921052631578947,
    0.5844155844155844,
    0.5769230769230769,
    0.569620253164557,
    0.5625,
    0.5625
  ],
  "step_size": [
    0.0032400000000000003,
    0.0031492800000000004,
    0.003061100160000001,
    0.002975389355520001,
    0.0028920784535654415,
    0.003123444729850677,
    0.0030359882774148583,
    0.0029509806056472426,
    0.0028683531486891197,
    0.0030978214005842495,
    0.00334564711263099,
    0.003613298881641469,
    0.003902362792172787,
    0.00421455181554661,
    0.004096544364711305,
    0.00442426791388821,
    0.005017119814349231,
    0.004876640459547453,
    0.005266771696311249,
    0.005119302088814535,
    0.005528846255919698,
    0.005971153956393274,
    0.005803961645614263,
    0.006268278577263405,
    0.0060927667771000305,
    0.006580188119268034,
    0.007106603168809477,
    0.007675131422314236,
    0.007460227742489438,
    0.008057045961888594,
    0.007831448674955714,
    0.007612168112056955,
    0.008632198639072587,
    0.008390497077178555,
    0.008155563159017555,
    0.007927207390565065,
    0.007705245583629244,
    0.008321665230319584,
    0.008088658603870636,
    0.007862176162962259,
    0.007642035230399316,
    0.007428058243948136,
    0.008022302903463988,
    0.007797678422166996,
    0.007579343426346321,
    0.008185690900454026,
    0.00884054617249035,
    0.009547789866289578,
    0.010311613055592745,
    0.011136542100040165,
    0.01202746546804338,
    0.01298966270548685,
    0.012625952149733218,
    0.01227242548954069,
    0.01192879757583355,
    0.012883101381900236,
    0.013913749492452256,
    0.015026849451848437,
    0.016228997407996312,
    0.016228997407996312,
    0.016228997407996312,
    0.016228997407996312,
    0.016228997407996312,
    0.016228997407996312,
    0.016228997407996312,
    0.016228997407996312,
    0.016228997407996312,
    0.016228997407996312,
    0.016228997407996312,
    0.016228997407996312,
    0.016228997407996312,
    0.016228997407996312,
    0.016228997407996312,
    0.016228997407996312,
    0.016228997407996312,
    0.016228997407996312,
    0.016228997407996312,
    0.016228997407996312,
    0.016228997407996312,
    0.016228997407996312,
    0.016228997407996312
  ],