{
  "lr": 0.0009750230078459109,
  "dropout": 0.1012989953160286,
  "n_layers": 5,
  "n_neurons": 128,
  "batch_size": 32
}