{
  "HMC-Original": {
    "auroc_mean": 0.9973775324932657,
    "auroc_std": 0.0017513804293588509,
    "accuracy_mean": 0.9678362573099415,
    "accuracy_std": 0.00827025475071988,
    "malignant_recall_mean": 0.9608711701734958,
    "malignant_recall_std": 0.011233018866521168,
    "time_mean": 3.7340499560038247
  },
  "HMC-Fixed": {
    "auroc_mean": 0.998689813298395,
    "auroc_std": 0.0012255674375283216,
    "accuracy_mean": 0.9883040935672515,
    "accuracy_std": 0.00413512737535994,
    "malignant_recall_mean": 0.9844961240310077,
    "malignant_recall_std": 0.010962895832349594,
    "time_mean": 3.1913601557413735
  },
  "NUTS": {
    "auroc_mean": 0.99737962659679,
    "auroc_std": 0.0018720851839155127,
    "accuracy_mean": 0.9824561403508772,
    "accuracy_std": 0.012405382126079766,
    "malignant_recall_mean": 0.9922480620155039,
    "malignant_recall_std": 0.010962895832349594,
    "time_mean": 5.412923177083333
  }
}