{
  "Default Adam": {
    "auroc_mean": 0.99912654219893,
    "auroc_std": 0.0006730444374897933,
    "accuracy_mean": 0.97953216374269,
    "accuracy_std": 0.010940518674777591,
    "malignant_recall_mean": 0.9765596160944998,
    "malignant_recall_std": 0.00026102132934164955,
    "time_mean": 2.2818554242451987
  },
  "Random Search": {
    "auroc_mean": 0.999563271099465,
    "auroc_std": 0.00040852247917610724,
    "accuracy_mean": 0.97953216374269,
    "accuracy_std": 0.01490941378243504,
    "malignant_recall_mean": 0.9922480620155039,
    "malignant_recall_std": 0.010962895832349594,
    "time_mean": 35.33996693293253
  },
  "Optuna TPE": {
    "auroc_mean": 0.9995611769959406,
    "auroc_std": 0.0003103053211761167,
    "accuracy_mean": 0.9883040935672515,
    "accuracy_std": 0.010940518674777591,
    "malignant_recall_mean": 0.984311554078996,
    "malignant_recall_std": 0.011095709387367411,
    "time_mean": 36.59227601687113
  },
  "Method C (HHD-ABBO)": {
    "auroc_mean": 0.998689813298395,
    "auroc_std": 0.0012255674375283216,
    "accuracy_mean": 0.9883040935672515,
    "accuracy_std": 0.00413512737535994,
    "malignant_recall_mean": 0.9844961240310077,
    "malignant_recall_std": 0.010962895832349594,
    "time_mean": 3.1877682209014893
  }
}