{
  "Default Adam": {
    "auroc_mean": 0.9963624338624338,
    "auroc_std": 0.0,
    "accuracy_mean": 0.956140350877193,
    "accuracy_std": 0.0,
    "positive_recall_mean": 0.9523809523809523,
    "positive_recall_std": 0.0,
    "time_mean": 4.583613634109497
  },
  "Random Search": {
    "auroc_mean": 0.998015873015873,
    "auroc_std": 0.0,
    "accuracy_mean": 0.956140350877193,
    "accuracy_std": 0.0,
    "positive_recall_mean": 0.9523809523809523,
    "positive_recall_std": 0.0,
    "time_mean": 9.466064214706421
  },
  "Optuna TPE": {
    "auroc_mean": 0.998015873015873,
    "auroc_std": 0.0,
    "accuracy_mean": 0.9649122807017544,
    "accuracy_std": 0.0,
    "positive_recall_mean": 0.9761904761904762,
    "positive_recall_std": 0.0,
    "time_mean": 11.47173023223877
  },
  "Method C (HHD-ABBO)": {
    "auroc_mean": 0.9947089947089947,
    "auroc_std": 0.0,
    "accuracy_mean": 0.9649122807017544,
    "accuracy_std": 0.0,
    "positive_recall_mean": 0.9523809523809523,
    "positive_recall_std": 0.0,
    "time_mean": 1.4577720165252686
  }
}