{
  "system": "harmonic",
  "method": "B",
  "seed": 0,
  "final_val_loss": 0.1250485714811545,
  "best_val_loss": 0.1250485714811545,
  "wall_time_s": 34.09,
  "n_epochs": 1
}