{
  "system": "harmonic",
  "method": "C",
  "seed": 0,
  "final_val_loss": 0.002981338184326887,
  "best_val_loss": 0.002981338184326887,
  "wall_time_s": 5.18,
  "n_epochs": 1
}