{
  "train_loss": [
    0.13982215979033047,
    1.0180999437967937,
    1.289958447690994,
    0.6153706281431137,
    1.7819207263371302,
    0.7413133046929798,
    0.7955030926636287,
    0.5114905548001093,
    0.6664177169875493,
    1.0731132740066165,
    0.7892536672334822,
    1.0842464561500247,
    1.2639767328898113,
    0.4871102159931546,
    0.61492586608917,
    0.5581610869793665,
    0.5053379306244472,
    1.2069150502719577,
    1.0011425202801114,
    0.5561050817606941,
    1.044405482118092,
    0.6482361867314294,
    0.9316832286024851,
    0.6533405459116376,
    1.102268963106095,
    0.7465809971567184,
    0.9876483281453451,
    0.7022384476094019,
    0.9804988598066663,
    0.7858157172089532,
    0.9885787107641735,
    1.1041858040151142,
    1.5713846867992765,
    1.7407859431372747,
    2.2866461031020635,
    2.2141179149113004,
    2.7627929997822593,
    2.9537377225028143,
    2.4345864398138866,
    3.519595752632807,
    2.221352838334583,
    2.395606175301567,
    3.0002769875147988,
    2.636045117226858,
    3.1532242581957863,
    2.9132286518339128,
    2.600913161323184,
    2.9591416120529175,
    4.43623805802966,
    2.610247426562839,
    2.6753464483079457,
    3.444958043476892,
    2.768272114178491,
    2.834501690334744,
    4.101367640116858,
    4.093808045462956,
    2.618688021387373,
    3.344347564000932,
    3.0710855173686196,
    3.9351733979724703,
    5.93148348444984,
    4.393247988488939,
    3.2766506823282393,
    4.6918589690374946,
    5.5561138031974675,
    5.22934177186754,
    5.640603723980131,
    4.417819068545387,
    3.3087941616300554,
    3.2074845385929893,
    3.3376644830855113,
    3.6401237400751265,
    3.6784192796737427,
    3.943536092364599,
    4.551514867752317,
    5.106504977695526,
    4.65009483836946,
    4.499662047340756,
    4.545835896143838,
    4.462068027920193,
    0.002316446105454354
  ],
  "val_loss": [
    0.14223052212037146,
    1.0167547687888145,
    1.288265373557806,
    0.6182342004030943,
    1.7900148406624794,
    0.7636305168271065,
    0.8275213874876499,
    0.5254707206040621,
    0.6683630496263504,
    1.0756201855838299,
    0.766549751162529,
    1.0830743908882141,
    1.271142303943634,
    0.48900499753654003,
    0.6383634973317385,
    0.5909540057182312,
    0.5352988727390766,
    1.1851882971823215,
    1.0085408501327038,
    0.5788266249001026,
    1.0695886500179768,
    0.657109098508954,
    0.9703889861702919,
    0.666843943297863,
    1.1276309378445148,
    0.763510512188077,
    1.0259891673922539,
    0.7256419900804758,
    1.0285125263035297,
    0.8258572723716497,
    1.004674207419157,
    1.1450711227953434,
    1.620972365140915,
    1.7723748832941055,
    2.361788898706436,
    2.2706265449523926,
    2.6321721747517586,
    3.016999199986458,
    2.5210853070020676,
    3.5170680582523346,
    2.2623263001441956,
    2.4940386414527893,
    3.1096055656671524,
    2.8175129145383835,
    3.2110189869999886,
    2.9065305292606354,
    2.6121469140052795,
    3.2518060505390167,
    4.550378918647766,
    2.6153091192245483,
    2.6105073615908623,
    3.401021972298622,
    2.769326038658619,
    2.8121516183018684,
    4.180534735321999,
    4.200659811496735,
    2.660895064473152,
    3.3272509276866913,
    3.169263780117035,
    3.8269107192754745,
    5.874182894825935,
    4.296837940812111,
    3.3146569281816483,
    4.535197049379349,
    5.499688610434532,
    5.63779816031456,
    5.741713911294937,
    4.4635410606861115,
    3.044886954128742,
    3.261662781238556,
    3.4198252707719803,
    3.7161353081464767,
    3.7449013739824295,
    3.9939199537038803,
    4.52047997713089,
    5.305009543895721,
    4.920128658413887,
    4.733899220824242,
    4.852021649479866,
    4.762774080038071,
    0.0032696722555556335
  ],
  "acceptance_rate": [
    1.0,
    1.0,
    1.0,
    1.0,
    1.0,
    1.0,
    1.0,
    1.0,
    1.0,
    1.0,
    1.0,
    1.0,
    1.0,
    1.0,
    1.0,
    1.0,
    1.0,
    1.0,
    1.0,
    1.0,
    1.0,
    1.0,
    1.0,
    1.0,
    1.0,
    1.0,
    1.0,
    1.0,
    1.0,
    1.0,
    1.0,
    1.0,
    1.0,
    1.0,
    1.0,
    1.0,
    1.0,
    1.0,
    1.0,
    1.0,
    0.975609756097561,
    0.9761904761904762,
    0.9767441860465116,
    0.9545454545454546,
    0.9555555555555556,
    0.9565217391304348,
    0.9574468085106383,
    0.9583333333333334,
    0.9591836734693877,
    0.96,
    0.9411764705882353,
    0.9423076923076923,
    0.9245283018867925,
    0.9074074074074074,
    0.9090909090909091,
    0.9107142857142857,
    0.8947368421052632,
    0.896551724137931,
    0.8983050847457628,
    0.9,
    0.9016393442622951,
    0.8870967741935484,
    0.873015873015873,
    0.875,
    0.8615384615384616,
    0.8636363636363636,
    0.8507462686567164,
    0.8382352941176471,
    0.8405797101449275,
    0.8285714285714286,
    0.8169014084507042,
    0.8055555555555556,
    0.7945205479452054,
    0.7837837837837838,
    0.7866666666666666,
    0.7763157894736842,
    0.7662337662337663,
    0.7564102564102564,
    0.7468354430379747,
    0.7375,
    0.7375
  ],
  "step_size": [
    0.0032400000000000003,
    0.0031492800000000004,
    0.0034012224000000008,
    0.003673320192000001,
    0.0035704672266240016,
    0.003856104604753922,
    0.003748133675820812,
    0.0040479843698864775,
    0.004371823119477396,
    0.0047215689690355885,
    0.005099294486558436,
    0.005782599947757266,
    0.006245207943577848,
    0.006744824579064076,
    0.007284410545389202,
    0.007080447050118305,
    0.007646882814127769,
    0.007432770095332192,
    0.008428761288106707,
    0.009103062191155245,
    0.009831307166447666,
    0.01061781173976348,
    0.011467236678944559,
    0.012384615613260125,
    0.013375384862320936,
    0.01444541565130661,
    0.01560104890341114,
    0.016849132815684034,
    0.01637735709684488,
    0.017687545664592474,
    0.017192294385983888,
    0.0185676779368626,
    0.020053092171811608,
    0.02165733954555654,
    0.023389926709201064,
    0.025,
    0.025,
    0.025,
    0.025,
    0.025,
    0.025,
    0.024300000000000002,
    0.025,
    0.025,
    0.025,
    0.025,
    0.025,
    0.025,
    0.025,
    0.025,
    0.025,
    0.024300000000000002,
    0.025,
    0.025,
    0.025,
    0.025,
    0.025,
    0.025,
    0.025,
    0.025,
    0.024300000000000002,
    0.025,
    0.025,
    0.024300000000000002,
    0.025,
    0.025,
    0.025,
    0.025,
    0.024300000000000002,
    0.025,
    0.025,
    0.025,
    0.025,
    0.025,
    0.024300000000000002,
    0.025,
    0.025,
    0.025,
    0.025,
    0.025,
    0.025
  ],