{
  "system": "double_well",
  "method": "B",
  "seed": 0,
  "final_val_loss": 22.516451065356915,
  "best_val_loss": 22.516451065356915,
  "wall_time_s": 33.46,
  "n_epochs": 1
}