{
  "system": "double_well",
  "method": "C",
  "seed": 0,
  "final_val_loss": 0.1898911543763601,
  "best_val_loss": 0.1898911543763601,
  "wall_time_s": 6.24,
  "n_epochs": 1
}