{
  "system": "double_well",
  "method": "C",
  "seed": 0,
  "final_val_loss": 0.4376199543476105,
  "best_val_loss": 0.4376199543476105,
  "wall_time_s": 15.17,
  "n_epochs": 20
}