{
  "system": "double_well",
  "method": "A",
  "seed": 0,
  "final_val_loss": 17.762139320373535,
  "best_val_loss": 17.762139320373535,
  "wall_time_s": 3.47,
  "n_epochs": 1
}