{
  "method": "C",
  "seed": 2,
  "best_val_loss": 0.0102758641296532,
  "final_val_loss": 0.0102758641296532,
  "train_time": 179.62
}