{
  "method": "A",
  "seed": 4,
  "best_val_loss": 0.2260257164016366,
  "final_val_loss": 3.183251515030861,
  "train_time": 29.41
}