{
  "method": "B",
  "seed": 4,
  "best_val_loss": 0.09553262032568455,
  "final_val_loss": 0.09553262032568455,
  "train_time": 98.44
}