{
  "method": "B",
  "seed": 2,
  "best_val_loss": 0.09602306550368667,
  "final_val_loss": 0.09602306550368667,
  "train_time": 108.38
}