{
  "method": "B",
  "seed": 1,
  "best_val_loss": 0.10393101163208485,
  "final_val_loss": 0.10393101163208485,
  "train_time": 106.16
}