{
  "method": "C",
  "seed": 1,
  "best_val_loss": 0.0028397188070812263,
  "final_val_loss": 0.0028397188070812263,
  "train_time": 190.67
}