{
  "method": "A",
  "seed": 3,
  "best_val_loss": 0.3498186431825161,
  "final_val_loss": 4.972496911883354,
  "train_time": 28.76
}