{
  "method": "A",
  "seed": 1,
  "best_val_loss": 0.10013307817280293,
  "final_val_loss": 4.736454576253891,
  "train_time": 27.02
}