{
  "method": "C",
  "seed": 4,
  "best_val_loss": 0.0031255485519068316,
  "final_val_loss": 0.0031255485519068316,
  "train_time": 181.17
}