{
  "method": "B",
  "seed": 0,
  "best_val_loss": 0.08878367021679878,
  "final_val_loss": 0.08878367021679878,
  "train_time": 111.55
}