{
  "method": "A",
  "seed": 2,
  "best_val_loss": 0.4255621014162898,
  "final_val_loss": 5.884485304355621,
  "train_time": 27.4
}