{
  "method": "C",
  "seed": 0,
  "best_val_loss": 0.008474197005853057,
  "final_val_loss": 0.008474197005853057,
  "train_time": 180.45
}