{
  "method": "B",
  "seed": 3,
  "best_val_loss": 0.09177967114374042,
  "final_val_loss": 0.09177967114374042,
  "train_time": 98.31
}