{
  "method": "C",
  "seed": 3,
  "best_val_loss": 0.008164982049493119,
  "final_val_loss": 0.008164982049493119,
  "train_time": 193.74
}