{
  "method": "A",
  "seed": 0,
  "best_val_loss": 0.2783922920934856,
  "final_val_loss": 13.584717273712158,
  "train_time": 30.1
}