{
  "train_loss": [
    2.2003975302454024,
    2.429110627325754,
    1.9828881602438668,
    1.2354701492521498,
    0.7291661122488597,
    0.8310678407313332,
    1.2472446343255421,
    1.4483562953888425,
    2.3736601083997697,
    6.16529709573776,
    10.46347142779638,
    20.708306312561035,
    32.12647595481267,
    52.25972414773608,
    79.41657517448304,
    120.02450319320437,
    122.73701961456783,
    175.9833992852105,
    250.4930899483817,
    359.67252943250867,
    476.95663258386037,
    665.6759270562065,
    866.8776390438989,
    1177.7930433485244,
    1518.700680687314,
    2010.8721110026042,
    2642.922620985243,
    3323.7605871775795,
    4265.268120659723,
    5370.119586278522,
    5365.9694901723715,
    5346.184581938244,
    5370.119586278522,
    5365.9694901723715,
    5370.119586278522,
    5365.9694901723715,
    5370.119586278522,
    5365.9694901723715,
    5370.119586278522,
    5365.9694901723715,
    5370.119586278522,
    6755.922254774306,
    6764.249348958333,
    6755.922254774306,
    6764.249348958333,
    6755.922254774306,
    6764.249348958333,
    6753.538674975199,
    6764.249348958333,
    6755.922254774306,
    6764.249348958333,
    6755.922254774306,
    6764.249348958333,
    6755.922254774306,
    6764.249348958333,
    6755.922254774306,
    6764.249348958333,
    6755.922254774306,
    6764.249348958333,
    6755.922254774306,
    6764.249348958333,
    6755.922254774306,
    6764.249348958333,
    6753.538674975199,
    6764.249348958333,
    6755.922254774306,
    6764.249348958333,
    6755.922254774306,
    6764.249348958333,
    6755.922254774306,
    6764.249348958333,
    6755.922254774306,
    6764.249348958333,
    6755.922254774306,
    6764.249348958333,
    6755.922254774306,
    6764.249348958333,
    6755.922254774306,
    6764.249348958333,
    6753.538674975199,
    0.7212642194732787
  ],
  "val_loss": [
    2.2764080837368965,
    2.522003822028637,
    2.074906274676323,
    1.3297071196138859,
    0.7877965494990349,
    0.9104791563004255,
    1.2532113194465637,
    1.4508215859532356,
    2.3383267298340797,
    5.940963953733444,
    10.091377943754196,
    19.797387421131134,
    30.893179416656494,
    50.41109657287598,
    76.11280417442322,
    115.42787504196167,
    117.46684312820435,
    168.19523000717163,
    241.18358516693115,
    347.9053430557251,
    460.0998020172119,
    644.4647903442383,
    839.178050994873,
    1146.0171089172363,
    1479.197364807129,
    1969.7170028686523,
    2608.265411376953,
    3280.220458984375,
    4245.2159423828125,
    5340.412567138672,
    5340.412567138672,
    5340.412567138672,
    5340.412567138672,
    5340.412567138672,
    5340.412567138672,
    5340.412567138672,
    5340.412567138672,
    5340.412567138672,
    5340.412567138672,
    5340.412567138672,
    5340.412567138672,
    6772.0032958984375,
    6772.0032958984375,
    6772.0032958984375,
    6772.0032958984375,
    6772.0032958984375,
    6772.0032958984375,
    6772.0032958984375,
    6772.0032958984375,
    6772.0032958984375,
    6772.0032958984375,
    6772.0032958984375,
    6772.0032958984375,
    6772.0032958984375,
    6772.0032958984375,
    6772.0032958984375,
    6772.0032958984375,
    6772.0032958984375,
    6772.0032958984375,
    6772.0032958984375,
    6772.0032958984375,
    6772.0032958984375,
    6772.0032958984375,
    6772.0032958984375,
    6772.0032958984375,
    6772.0032958984375,
    6772.0032958984375,
    6772.0032958984375,
    6772.0032958984375,
    6772.0032958984375,
    6772.0032958984375,
    6772.0032958984375,
    6772.0032958984375,
    6772.0032958984375,
    6772.0032958984375,
    6772.0032958984375,
    6772.0032958984375,
    6772.0032958984375,
    6772.0032958984375,
    6772.0032958984375,
    0.7877965494990349
  ],
  "best_val_loss": [
    2.2764080837368965,
    2.2764080837368965,
    2.074906274676323,
    1.3297071196138859,
    0.7877965494990349,
    0.7877965494990349,
    0.7877965494990349,
    0.7877965494990349,
    0.7877965494990349,
    0.7877965494990349,
    0.7877965494990349,
    0.7877965494990349,
    0.7877965494990349,
    0.7877965494990349,
    0.7877965494990349,
    0.7877965494990349,
    0.7877965494990349,
    0.7877965494990349,
    0.7877965494990349,
    0.7877965494990349,
    0.7877965494990349,
    0.7877965494990349,
    0.7877965494990349,
    0.7877965494990349,
    0.7877965494990349,
    0.7877965494990349,
    0.7877965494990349,
    0.7877965494990349,
    0.7877965494990349,
    0.7877965494990349,
    0.7877965494990349,
    0.7877965494990349,
    0.7877965494990349,
    0.7877965494990349,
    0.7877965494990349,
    0.7877965494990349,
    0.7877965494990349,
    0.7877965494990349,
    0.7877965494990349,
    0.7877965494990349,
    0.7877965494990349,
    0.7877965494990349,
    0.7877965494990349,
    0.7877965494990349,
    0.7877965494990349,
    0.7877965494990349,
    0.7877965494990349,
    0.7877965494990349,
    0.7877965494990349,
    0.7877965494990349,
    0.7877965494990349,
    0.7877965494990349,
    0.7877965494990349,
    0.7877965494990349,
    0.7877965494990349,
    0.7877965494990349,
    0.7877965494990349,
    0.7877965494990349,
    0.7877965494990349,
    0.7877965494990349,
    0.7877965494990349,
    0.7877965494990349,
    0.7877965494990349,
    0.7877965494990349,
    0.7877965494990349,
    0.7877965494990349,
    0.7877965494990349,
    0.7877965494990349,
    0.7877965494990349,
    0.7877965494990349,
    0.7877965494990349,
    0.7877965494990349,
    0.7877965494990349,
    0.7877965494990349,
    0.7877965494990349,
    0.7877965494990349,
    0.7877965494990349,
    0.7877965494990349,
    0.7877965494990349,
    0.7877965494990349,
    0.7877965494990349
  ],
  "acceptance_rate": [
    1.0,
    1.0,
    1.0,
    1.0,
    1.0,
    1.0,
    1.0,
    1.0,
    1.0,
    1.0,
    1.0,
    1.0,
    1.0,
    1.0,
    1.0,
    1.0,
    1.0,
    1.0,
    1.0,
    1.0,
    1.0,
    1.0,
    1.0,
    1.0,
    1.0,
    1.0,
    1.0,
    1.0,
    1.0,
    1.0,
    0.967741935483871,
    0.9375,
    0.9090909090909091,
    0.8823529411764706,
    0.8571428571428571,
    0.8333333333333334,
    0.8108108108108109,
    0.7894736842105263,
    0.7692307692307693,
    0.75,
    0.7317073170731707,
    0.7380952380952381,
    0.7209302325581395,
    0.7045454545454546,
    0.6888888888888889,
    0.6739130434782609,
    0.6595744680851063,
    0.6458333333333334,
    0.6326530612244898,
    0.62,
    0.6078431372549019,
    0.5961538461538461,
    0.5849056603773585,
    0.5740740740740741,
    0.5636363636363636,
    0.5535714285714286,
    0.543859649122807,
    0.5344827586206896,
    0.5254237288135594,
    0.5166666666666667,
    0.5081967213114754,
    0.5,
    0.49206349206349204,
    0.484375,
    0.47692307692307695,
    0.4696969696969697,
    0.4626865671641791,
    0.45588235294117646,
    0.4492753623188406,
    0.44285714285714284,
    0.43661971830985913,
    0.4305555555555556,
    0.4246575342465753,
    0.4189189189189189,
    0.41333333333333333,
    0.40789473684210525,
    0.4025974025974026,
    0.3974358974358974,
    0.3924050632911392,
    0.3875,
    0.3875
  ],