{
  "lr": 0.0010208975969518781,
  "dropout": 0.09121279418468475,
  "n_layers": 5,
  "n_neurons": 128,
  "batch_size": 32
}