{
  "lr": 0.001418609486491616,
  "dropout": 0.0467812642455101,
  "n_layers": 4,
  "n_neurons": 144,
  "batch_size": 32
}