{
  "train_loss": [
    2.2194698784086437,
    2.219835965406327,
    2.2218993675141108,
    2.2216267604676503,
    2.110505015131027,
    2.1062366394769576,
    2.1122105074307274,
    2.1156892984632463,
    2.1046381583289495,
    2.1023060584825184,
    1.8158133247542003,
    1.7965481106251004,
    1.806544476085239,
    0.9297437606349824,
    0.5193016415550595,
    0.5180546674463484,
    0.5186949440884212,
    0.5229661474152217,
    0.1934201636957744,
    0.19258995756270395,
    0.1932079116739924,
    0.19317587867142663,
    0.14023115107464412,
    0.14188254932089459,
    0.238207492799986,
    0.238449398960386,
    0.2377827094187812,
    0.4176549731738984,
    0.6173011480815827,
    0.6195624428136008,
    0.6173452966743045,
    0.6163388221036821,
    0.6163635135643066,
    0.6174400585984426,
    0.6189189018711211,
    0.6200632632724823,
    0.6169913903115287,
    0.6178665497000255,
    0.6180191532013908,
    0.6182626343908764,
    0.6191190192623744,
    0.6178980247368888,
    0.6180883891998775,
    0.6170045969978212,
    0.6187192518559713,
    0.6164710819721222,
    0.6188602674575079,
    0.6173350740046728,
    0.6171687770457495,
    0.616701856019005,
    0.6173425884473891,
    0.6160594291157193,
    0.6177730546111152,
    0.6183137576731425,
    0.618324174294396,
    0.6192806438794212,
    0.6173117548700363,
    0.6192502166543689,
    0.6180481125438024,
    0.6197505933897836,
    0.6168253454897139,
    0.6159359841119676,
    0.6168842821840256,
    0.616431284518469,
    0.6164275497671158,
    0.6185064845614963,
    0.6184999342002566,
    0.6205224314379314,
    0.6185736239902557,
    0.6162073243232,
    0.6193182492066943,
    0.6178675071587638,
    0.6185266843863896,
    0.6168965877048553,
    0.616832616310271,
    0.6197059580257961,
    0.616696538433196,
    0.6191676746285151,
    0.6184764419283185,
    0.6182928146824004
  ],
  "val_loss": [
    2.2772060483694077,
    2.2772060483694077,
    2.2772060483694077,
    2.2772060483694077,
    2.1654867380857468,
    2.1654867380857468,
    2.1654867380857468,
    2.1654867380857468,
    2.1654867380857468,
    2.1654867380857468,
    1.854099601507187,
    1.854099601507187,
    1.854099601507187,
    0.9528157226741314,
    0.5394644141197205,
    0.5394644141197205,
    0.5394644141197205,
    0.5394644141197205,
    0.20091202482581139,
    0.20091202482581139,
    0.20091202482581139,
    0.20091202482581139,
    0.15128337545320392,
    0.15128337545320392,
    0.250990959815681,
    0.250990959815681,
    0.250990959815681,
    0.43430966325104237,
    0.6442910432815552,
    0.6442910432815552,
    0.6442910432815552,
    0.6442910432815552,
    0.6442910432815552,
    0.6442910432815552,
    0.6442910432815552,
    0.6442910432815552,
    0.6442910432815552,
    0.6442910432815552,
    0.6442910432815552,
    0.6442910432815552,
    0.6442910432815552,
    0.6442910432815552,
    0.6442910432815552,
    0.6442910432815552,
    0.6442910432815552,
    0.6442910432815552,
    0.6442910432815552,
    0.6442910432815552,
    0.6442910432815552,
    0.6442910432815552,
    0.6442910432815552,
    0.6442910432815552,
    0.6442910432815552,
    0.6442910432815552,
    0.6442910432815552,
    0.6442910432815552,
    0.6442910432815552,
    0.6442910432815552,
    0.6442910432815552,
    0.6442910432815552,
    0.6442910432815552,
    0.6442910432815552,
    0.6442910432815552,
    0.6442910432815552,
    0.6442910432815552,
    0.6442910432815552,
    0.6442910432815552,
    0.6442910432815552,
    0.6442910432815552,
    0.6442910432815552,
    0.6442910432815552,
    0.6442910432815552,
    0.6442910432815552,
    0.6442910432815552,
    0.6442910432815552,
    0.6442910432815552,
    0.6442910432815552,
    0.6442910432815552,
    0.6442910432815552,
    0.6442910432815552
  ],
  "acceptance_rate": [
    0.0,
    0.0,
    0.0,
    0.0,
    0.2,
    0.16666666666666666,
    0.14285714285714285,
    0.125,
    0.1111111111111111,
    0.1,
    0.18181818181818182,
    0.16666666666666666,
    0.15384615384615385,
    0.21428571428571427,
    0.26666666666666666,
    0.25,
    0.23529411764705882,
    0.2222222222222222,
    0.2631578947368421,
    0.25,
    0.23809523809523808,
    0.22727272727272727,
    0.2608695652173913,
    0.25,
    0.28,
    0.2692307692307692,
    0.25925925925925924,
    0.2857142857142857,
    0.3103448275862069,
    0.3,
    0.2903225806451613,
    0.28125,
    0.2727272727272727,
    0.2647058823529412,
    0.2571428571428571,
    0.25,
    0.24324324324324326,
    0.23684210526315788,
    0.23076923076923078,
    0.225,
    0.21951219512195122,
    0.21428571428571427,
    0.20930232558139536,
    0.20454545454545456,
    0.2,
    0.1956521739130435,
    0.19148936170212766,
    0.1875,
    0.1836734693877551,
    0.18,
    0.17647058823529413,
    0.17307692307692307,
    0.16981132075471697,
    0.16666666666666666,
    0.16363636363636364,
    0.16071428571428573,
    0.15789473684210525,
    0.15517241379310345,
    0.15254237288135594,
    0.15,
    0.14754098360655737,
    0.14516129032258066,
    0.14285714285714285,
    0.140625,
    0.13846153846153847,
    0.13636363636363635,
    0.13432835820895522,
    0.1323529411764706,
    0.13043478260869565,
    0.12857142857142856,
    0.1267605633802817,
    0.125,
    0.1232876712328767,
    0.12162162162162163,
    0.12,
    0.11842105263157894,
    0.11688311688311688,
    0.11538461538461539,
    0.11392405063291139,
    0.1125
  ],
  "hyperparams": {
    "log_lr": [
      -3.0,
      -3.0,
      -3.0,
      -3.0,
      -2.9368457794189453,
      -2.9368457794189453,
      -2.9368457794189453,
      -2.9368457794189453,
      -2.9368457794189453,
      -2.9368457794189453,
      -3.024142265319824,
      -3.024142265319824,
      -3.024142265319824,
      -3.0613839626312256,
      -3.013364791870117,
      -3.013364791870117,
      -3.013364791870117,
      -3.013364791870117,
      -2.924062490463257,
      -2.924062490463257,
      -2.924062490463257,
      -2.924062490463257,
      -2.914384126663208,
      -2.914384126663208,
      -2.889479875564575,
      -2.889479875564575,
      -2.889479875564575,
      -2.9004909992218018,
      -2.848137140274048,
      -2.848137140274048,
      -2.848137140274048,
      -2.848137140274048,
      -2.848137140274048,
      -2.848137140274048,
      -2.848137140274048,
      -2.848137140274048,
      -2.848137140274048,
      -2.848137140274048,
      -2.848137140274048,
      -2.848137140274048,
      -2.848137140274048,
      -2.848137140274048,
      -2.848137140274048,
      -2.848137140274048,
      -2.848137140274048,
      -2.848137140274048,
      -2.848137140274048,
      -2.848137140274048,
      -2.848137140274048,
      -2.848137140274048,
      -2.848137140274048,
      -2.848137140274048,
      -2.848137140274048,
      -2.848137140274048,
      -2.848137140274048,
      -2.848137140274048,
      -2.848137140274048,
      -2.848137140274048,
      -2.848137140274048,
      -2.848137140274048,
      -2.848137140274048,
      -2.848137140274048,
      -2.848137140274048,
      -2.848137140274048,
      -2.848137140274048,
      -2.848137140274048,
      -2.848137140274048,
      -2.848137140274048,
      -2.848137140274048,
      -2.848137140274048,
      -2.848137140274048,
      -2.848137140274048,
      -2.848137140274048,
      -2.848137140274048,
      -2.848137140274048,
      -2.848137140274048,
      -2.848137140274048,
      -2.848137140274048,
      -2.848137140274048,
      -2.848137140274048
    ],