{
  "val_loss_per_trial": [
    0.48289138078689575,
    3.732728034257889,
    12.069668978452682,
    12.80012047290802,
    0.4498780588619411,
    0.8987371847033501,
    0.269685679115355,
    0.09895739634521306,
    0.24736341927200556,
    0.18011193117126822,
    1.2163019701838493,
    0.8280656188726425,
    2.281891144812107,
    0.31863772962242365,
    1.6322098560631275
  ],
  "best_val_loss": [
    0.48289138078689575,
    0.48289138078689575,
    0.48289138078689575,
    0.48289138078689575,
    0.4498780588619411,
    0.4498780588619411,
    0.269685679115355,
    0.09895739634521306,
    0.09895739634521306,
    0.09895739634521306,
    0.09895739634521306,
    0.09895739634521306,
    0.09895739634521306,
    0.09895739634521306,
    0.09895739634521306
  ]
}