{
  "summary": {
    "henon_heiles": {
      "C": {
        "mean": 2.1114098131656647,
        "std": 0.0,
        "n_seeds": 1,
        "values": [
          2.1114098131656647
        ]
      }
    },
    "double_well": {
      "C": {
        "mean": 0.4376199543476105,
        "std": 0.0,
        "n_seeds": 1,
        "values": [
          0.4376199543476105
        ]
      }
    }
  },
  "all_results": [
    {
      "system": "henon_heiles",
      "method": "C",
      "seed": 0,
      "final_val_loss": 2.1114098131656647,
      "best_val_loss": 2.1114098131656647,
      "wall_time_s": 18.37,
      "n_epochs": 20
    },
    {
      "system": "double_well",
      "method": "C",
      "seed": 0,
      "final_val_loss": 0.4376199543476105,
      "best_val_loss": 0.4376199543476105,
      "wall_time_s": 15.17,
      "n_epochs": 20
    }
  ]
}