{
  "train_loss": [
    1.8824787139892578,
    0.9431806206703186,
    0.5779389198869467,
    0.45750638376921415,
    0.3353872522711754,
    0.24307715147733688,
    0.20422953320667148,
    0.17479132302105427,
    0.15613235346972942,
    0.12240896024741232,
    0.096469875308685,
    0.07417460827855393,
    0.08064323721919209,
    0.04864659404847771,
    0.047624107653973624
  ],
  "val_accuracy": [
    0.76,
    0.765,
    0.895,
    0.885,
    0.935,
    0.955,
    0.955,
    0.945,
    0.95,
    0.985,
    0.97,
    0.975,
    0.975,
    0.97,
    0.965
  ],
  "hamiltonian": [],
  "hyperparams": {
    "log_lr": [
      -3.0,
      -3.0,
      -3.0,
      -3.0,
      -3.0,
      -3.0,
      -3.0,
      -3.0,
      -3.0,
      -3.0,
      -3.0,
      -3.0,
      -3.0,
      -3.00807523727417,
      -3.00807523727417
    ],
    "dropout": [
      0.20000000298023224,
      0.20000000298023224,
      0.20000000298023224,
      0.20000000298023224,
      0.20000000298023224,
      0.20000000298023224,
      0.20000000298023224,
      0.20000000298023224,
      0.20000000298023224,
      0.20000000298023224,
      0.20000000298023224,
      0.20000000298023224,
      0.20000000298023224,
      0.20422647893428802,
      0.20422647893428802
    ]
  }
}